final_trust,initial_trust_avg,delta_trust,delta_per_reward,trust_effort,trusturgency,avg_spoofed,avg_recovery,avg_coord_success,avg_violations,avg_distance,avg_bait,avg_exit_violations,avg_duplicates,reward_score,trust_weighted_coord,coalition_success
0.5681935238095237,0.7257428571428571,-0.15754933333333337,-5.838177957944792,0.2920221073081075,0.03210533333333334,0.6697238095238094,0.2328333333333333,0.7120952380952382,0.02791857142857143,0.0,1.1580000000000001,1.1300952380952383,0.0,0.029146666666666668,0.16637161904761905,
